recovery,day,prop_infected
1,0,0.0005
1,1,0.00029985
1,2,8.98380854865e-05
1,3,2.6913976824794654e-05
1,4,8.062756811619983e-06
1,5,2.415381539545898e-06
1,6,7.235805337237807e-07
1,7,2.1676426726632014e-07
1,8,6.493643095563839e-08
1,9,1.9453113026240798e-08
1,10,5.827600831678992e-09
1,11,1.7457838860793296e-09
1,12,5.229873252472712e-10
1,13,1.5667216567130589e-10
1,14,4.6934536091639095e-11
1,15,1.406025549334277e-11
1,16,4.212053660215253e-12
1,17,1.2618117817886088e-12
1,18,3.780030125677854e-13
1,19,1.1323897872290199e-13
1,20,3.3923185466425076e-14
1,21,1.0162423974216703e-14
1,22,3.0443739174774124e-15
1,23,9.120080576180755e-16
1,24,2.732117406423896e-16
1,25,8.184648655385402e-17
1,26,2.4518885409022055e-17
1,27,7.345162474447674e-18
1,28,2.200402297087376e-18
1,29,6.591781033940277e-19
1,30,1.9747105907374596e-19
1,31,5.915672709837796e-20
1,32,1.7721677178452076e-20
1,33,5.308911723513526e-21
1,34,1.5903993399862379e-21
1,35,4.764385230641361e-22
1,36,1.427274650789905e-22
1,37,4.275709939838803e-23
1,38,1.2808813972502485e-23
1,39,3.83715728360096e-24
1,40,1.1495034630607013e-24
1,41,3.4435862643308775e-25
1,42,1.0316007511899157e-25
1,43,3.0903831882439647e-26
1,44,9.257911298692639e-27
1,45,2.7734075806684292e-27
1,46,8.308342303512143e-28
1,47,2.488943648725898e-28
1,48,7.456169065054379e-29
1,49,2.2336567224064292e-29
1,50,6.691401858006347e-30
1,51,2.0045541634120318e-30
1,52,6.005075587030597e-31
1,53,1.7989502835169155e-31
1,54,5.389144692125091e-32
1,55,1.6144348611948145e-32
1,56,4.836388833370409e-33
1,57,1.4488448874449465e-33
1,58,4.340328249439968e-34
1,59,1.3002392096029287e-34
1,60,3.8951477976509956e-35
1,61,1.166875775895016e-35
1,62,3.49562878510469e-36
1,63,1.0471912139816222e-36
1,64,3.137087791796122e-37
1,65,9.397825040966187e-38
1,66,2.8153217685388554e-38
1,67,8.433905319431097e-39
1,68,2.526558766106683e-39
1,69,7.568853285420944e-40
1,70,2.2674137180076372e-40
1,71,6.792528240059933e-41
1,72,2.0348487585473935e-41
1,73,6.095829599562082e-42
1,74,1.826137611004752e-42
1,75,5.470590212307951e-43
1,76,1.6388336284543936e-43
1,77,4.909480618216346e-44
1,78,1.4707411125907774e-44
1,79,4.405923128077491e-45
1,80,1.3198895743339047e-45
1,81,3.95401471563009e-46
1,82,1.1845106344831364e-46
1,83,3.5484578184733885e-47
1,84,1.0630172936336081e-47
1,85,3.1844982366178157e-48
1,86,9.539853283438024e-49
1,87,2.8578694006808956e-49
1,88,8.561365954681393e-50
1,89,2.5647423564041947e-50
1,90,7.683240489371809e-51
1,91,2.3016808791775212e-51
1,92,6.895182933424694e-52
1,93,2.0656011923938083e-52
1,94,6.18795516698429e-53
1,95,1.8537358174272108e-53
1,96,5.553266609213706e-54
1,97,1.6636011314605147e-54
1,98,4.983677030749598e-55
1,99,1.4929682528537413e-55
2,0,0.0005
2,1,0.00054985
2,2,0.0005146431079865
2,3,0.0004489565857019602
2,4,0.00037766843039541695
2,5,0.0003112879963524895
2,6,0.0002535258099419178
2,7,0.00020500176855514692
2,8,0.00016503768558124676
2,9,0.00013250420879938173
2,10,0.00010620473320120097
2,11,8.503568598658992e-05
2,12,6.804131479836173e-05
2,13,5.442079131594681e-05
2,14,4.351552915129699e-05
2,15,3.478985717688623e-05
2,16,2.781097060881145e-05
2,17,2.2230601509469338e-05
2,18,1.7769213446065522e-05
2,19,1.4202789540932615e-05
2,20,1.1351981913147921e-05
2,21,9.073293184606512e-06
2,22,7.251954737719459e-06
2,23,5.7961975820895335e-06
2,24,4.632654611676208e-06
2,25,3.7026763686182578e-06
2,26,2.9593815928185143e-06
2,27,2.365297410147076e-06
2,28,1.8904719880305135e-06
2,29,1.5109654216338772e-06
2,30,1.2076432338722291e-06
2,31,9.652119008801173e-07
2,32,7.714479001318552e-07
2,33,6.165814754664468e-07
2,34,4.928040828763398e-07
2,35,3.9387470064283297e-07
2,36,3.148051636101318e-07
2,37,2.5160866127679197e-07
2,38,2.0109872170058353e-07
2,39,1.6072854741956354e-07
2,40,1.2846260344722185e-07
2,41,1.0267398317531228e-07
2,42,8.206237753962248e-08
2,43,6.558851151453438e-08
2,44,5.242174223072977e-08
2,45,4.189817659342199e-08
2,46,3.34871966609223e-08
2,47,2.6764704959860323e-08
2,48,2.1391740733849795e-08
2,49,1.709738892795491e-08
2,50,1.3665120154796269e-08
2,51,1.0921872881998968e-08
2,52,8.729327346977365e-09
2,53,6.976931215032279e-09
2,54,5.576325322288983e-09
2,55,4.456888439520912e-09
2,56,3.562176415799904e-09
2,57,2.847076157080184e-09
2,58,2.27553093805725e-09
2,59,1.8187223532896524e-09
2,60,1.453617238152816e-09
2,61,1.1618062926435677e-09
2,62,9.285758492525208e-10
2,63,7.421659816806332e-10
2,64,5.931775468314571e-10
2,65,4.740982620072117e-10
2,66,3.789239212170547e-10
2,67,3.028556516005148e-10
2,68,2.420579450562859e-10
2,69,1.9346526456823778e-10
2,70,1.546274739494203e-10
2,71,1.2358629727573687e-10
2,72,9.877657885724594e-11
2,73,7.894736508561018e-11
2,74,6.309882895315818e-11
2,75,5.0431856856870954e-11
2,76,4.030775575727393e-11
2,77,3.221604904990715e-11
2,78,2.5748737355441376e-11
2,79,2.0579726408102643e-11
2,80,1.644838475707358e-11
2,81,1.3146402228631414e-11
2,82,1.0507286527470227e-11
2,83,8.397968375693595e-12
2,84,6.712091904478271e-12
2,85,5.364651987082456e-12
2,86,4.2877081172390585e-12
2,87,3.4269587184582577e-12
2,88,2.739003154341028e-12
2,89,2.189153385209824e-12
2,90,1.749684930584591e-12
2,91,1.3984389476759424e-12
2,92,1.117704940010664e-12
2,93,8.933277602144813e-13
2,94,7.139938803188144e-13
2,95,5.706609419708061e-13
2,96,4.561018233735698e-13
2,97,3.6454023393688666e-13
2,98,2.913594626213764e-13
2,99,2.328695945087667e-13
3,0,0.0005
3,1,0.0006331833333333333
3,2,0.0007118003377087223
3,3,0.0007543616398972458
3,4,0.0007731990862019074
3,5,0.0007765254489213761
3,6,0.0007698075718145375
3,7,0.0007566818073048016
3,8,0.0007395643139774088
3,9,0.0007200579267967148
3,10,0.0006992234083837716
3,11,0.0006777602869675847
3,12,0.0006561274181363137
3,13,0.0006346233618541417
3,14,0.0006134399691000818
3,15,0.0005926981077429634
3,16,0.0005724714807698209
3,17,0.0005528025056512948
3,18,0.0005337129007363653
3,19,0.0005152107426390811
3,20,0.0004972951706247802
3,21,0.0004799595220311982
3,22,0.0004631934214432281
3,23,0.0004469841721271748
3,24,0.0004313176820866563
3,25,0.0004161790796715116
3,26,0.0004015531220489567
3,27,0.0003874244654299778
3,28,0.00037377784299834897
3,29,0.00036059818119123596
3,30,0.0003478706747801146
3,31,0.00033558083439936057
3,32,0.000323714515634477
3,33,0.00031225793575725296
3,34,0.00030119768217768214
3,35,0.00029052071533654174
3,36,0.000280214367864351
3,37,0.0002702663412328012
3,38,0.0002606647007242143
3,39,0.0002513978692768285
3,40,0.00024245462058451815
3,41,0.00023382407170945477
3,42,0.00022549567538555484
3,43,0.00021745921213622886
3,44,0.00020970478229321302
3,45,0.00020222279797829594
3,46,0.0001950039750926649
3,47,0.00018803932534679273
3,48,0.00018132014835553842
3,49,0.00017483802381728579
3,50,0.0001685848037917212
3,51,0.00016255260508773873
3,52,0.0001567338017706127
3,53,0.00015112101779575962
3,54,0.0001457071197749704
3,55,0.0001404852098798213
3,56,0.0001354486188859988
3,57,0.00013059089936144847
3,58,0.00012590581900054885
3,59,0.00012138735410589368
3,60,0.00011702968321872231
3,61,0.00011282718089855853
3,62,0.0001087744116521903
3,63,0.00010486612401174321
3,64,0.00010109724476126108
3,65,9.74628733109048e-05
3,66,9.395827621761196e-05
3,67,9.057888185081981e-05
3,68,8.732027520164391e-05
3,69,8.417819283371702e-05
3,70,8.114851797373009e-05
3,71,7.822727573957428e-05
3,72,7.541062850385948e-05
3,73,7.269487139047927e-05
3,74,7.00764279018024e-05
3,75,6.75518456739963e-05
3,76,6.511779235792624e-05
3,77,6.277105162302508e-05
3,78,6.050851928149041e-05
3,79,5.8327199530138166e-05
3,80,5.6224201307223396e-05
3,81,5.419673476152866e-05
3,82,5.2242107831018134e-05
3,83,5.035772292835972e-05
3,84,4.854107373062799e-05
3,85,4.678974207051672e-05
3,86,4.510139492641069e-05
3,87,4.347378150869175e-05
3,88,4.1904730439683216e-05
3,89,4.039214702466939e-05
3,90,3.8934010611462464e-05
3,91,3.7528372036027355e-05
3,92,3.6173351151715555e-05
3,93,3.486713443970129e-05
3,94,3.3607972698257564e-05
3,95,3.2394178808554885e-05
3,96,3.122412557471211e-05
3,97,3.0096243635876208e-05
3,98,2.9009019448155813e-05
3,99,2.7960993334282108e-05
4,0,0.0005
4,1,0.0006748500000000001
4,2,0.0008207956192365002
4,3,0.0009457610464764709
4,4,0.0010557189142881849
4,5,0.0011551790780190301
4,6,0.0012475551875631519
4,7,0.0013354395981347977
4,8,0.0014208095290747344
4,9,0.0015051816517805327
4,10,0.0015897279918533052
4,11,0.001675362808508931
4,12,0.0017628076977229457
4,13,0.0018526403530998768
4,14,0.0019453310590567224
4,15,0.0020412699713201407
4,16,0.0021407874750090645
4,17,0.002244169336998675
4,18,0.002351667939056738
4,19,0.0024635105555749943
4,20,0.002579905397712718
4,21,0.0027010459642733994
4,22,0.0028271141035359606
4,23,0.0029582820882268594
4,24,0.003094713929352387
4,25,0.0032365660973418375
4,26,0.0033839877761077984
4,27,0.003537120743631922
4,28,0.003696098948853075
4,29,0.0038610478369626748
4,30,0.004032083462197116
4,31,0.0042093114177355236
4,32,0.004392825605522314
4,33,0.0045827068641099925
4,34,0.0047790214694886255
4,35,0.004981819521983076
4,36,0.005191133231393543
4,37,0.005406975112430118
4,38,0.0056293361029958475
4,39,0.005858183618886931
4,40,0.006093459559908324
4,41,0.006335078284169137
4,42,0.006582924569355003
4,43,0.006836851582009462
4,44,0.007096678878229491
4,45,0.007362190461626502
4,46,0.00763313292685445
4,47,0.007909213719387277
4,48,0.008190099544459012
4,49,0.00847541496007597
4,50,0.008764741190680308
4,51,0.009057615199292296
4,52,0.009353529056686433
4,53,0.009651929646264875
4,54,0.009952218742683828
4,55,0.010253753500873104
4,56,0.010555847389784347
4,57,0.010857771601941315
4,58,0.011158756965596305
4,59,0.011457996380993332
4,60,0.011754647795901244
4,61,0.01204783772824023
4,62,0.01233666533534937
4,63,0.012620207020334447
4,64,0.01289752155613616
4,65,0.013167655697648996
4,66,0.013429650241616993
4,67,0.013682546483383073
4,68,0.013925393009149686
4,69,0.01415725275251535
4,70,0.014377210234990046
4,71,0.01458437890226754
4,72,0.014777908461537932
4,73,0.014956992120328045
4,74,0.015120873624493311
4,75,0.015268853992237215
4,76,0.015400297842529526
4,77,0.015514639220092354
4,78,0.015611386825211317
4,79,0.0156901285649201
4,80,0.015750535352438685
4,81,0.015792364093885368
4,82,0.015815459814933902
4,83,0.015819756894899638
4,84,0.015805279391321182
4,85,0.015772140454040125
4,86,0.01572054084364307
4,87,0.015650766584496267
4,88,0.015563185797074162
4,89,0.015458244767495553
4,90,0.015336463323821051
4,91,0.015198429598477798
4,92,0.015044794263973392
4,93,0.014876264334722425
4,94,0.014693596631288587
4,95,0.014497591004665179
4,96,0.01428908341746267
4,97,0.014068938976186537
4,98,0.013838045004362188
4,99,0.013597304240324216
5,0,0.0005
5,1,0.00069985
5,2,0.0008895261214865
5,3,0.001073983512002085
5,4,0.0012574640431785324
5,5,0.0014436636041419968
5,6,0.001635867744352129
5,7,0.0018370620451597908
5,8,0.0020500223032833354
5,9,0.0022773885660871
5,10,0.0025217262161417262
5,11,0.002785576619383053
5,12,0.0030714992937340853
5,13,0.0033821070962953303
5,14,0.003720095545346773
5,15,0.004088267070849213
5,16,0.004489550709706569
5,17,0.004927017518387303
5,18,0.005403891756601657
5,19,0.005923557694651196
5,20,0.006489561708744005
5,21,0.007105609149741779
5,22,0.0077755553000453115
5,23,0.008503389571156534
5,24,0.009293211943557818
5,25,0.010149200516025213
5,26,0.011075568921175245
5,27,0.01207651228881209
5,28,0.013156140412674433
5,29,0.014318396817098292
5,30,0.015566962548874609
5,31,0.016905143760036958
5,32,0.01833574252523313
5,33,0.01986091087874895
5,34,0.021481988784959376
5,35,0.023199327690042622
5,36,0.02501210244999658
5,37,0.026918115782353893
5,38,0.02891360091656662
5,39,0.03099302976268245
5,40,0.033148935587901704
5,41,0.03537176075721982
5,42,0.037649741392474005
5,43,0.03996884163794601
5,44,0.042312750376630015
5,45,0.04466295250862781
5,46,0.046998885102328865
5,47,0.049298185745699795
5,48,0.051537036245731346
5,49,0.053690599568020664
5,50,0.055733541847463
5,51,0.057640624860871
5,52,0.0593873480891947
5,53,0.06095061404694055
5,54,0.062309386561018254
5,55,0.06344530969872586
5,56,0.06434325546002534
5,57,0.06499177130167899
5,58,0.06538340390251178
5,59,0.0655148828782907
5,60,0.06538715674415682
5,61,0.06500528248657361
5,62,0.06437817879201359
5,63,0.0635182605087716
5,64,0.06244097768668727
5,65,0.06116428617891968
5,66,0.05970807819141112
5,67,0.05809360046289532
5,68,0.05634288527847002
5,69,0.054478215715883745
5,70,0.05252164190167952
5,71,0.05049456010701699
5,72,0.04841736166941298
5,73,0.046309154320451
5,74,0.04418755475619965
5,75,0.04206854832696259
5,76,0.039966409575336904
5,77,0.037893675974974575
5,78,0.03586116652707666
5,79,0.033878036740128015
5,80,0.03195186182335928
5,81,0.03008874054187171
5,82,0.028293412999498415
5,83,0.026569386539836634
5,84,0.02491906491127814
5,85,0.0233438767720756
5,86,0.02184440047751533
5,87,0.020420482868779292
5,88,0.019071350459523965
5,89,0.01779571198802205
5,90,0.016591851772797764
5,91,0.015457713685227305
5,92,0.014390975843320292
5,93,0.013389116347818177
5,94,0.012449470536063354
5,95,0.01156928033161271
5,96,0.010745736328251963
5,97,0.009976013274793973
5,98,0.009257299629518123
5,99,0.008586821836851527
6,0,0.0005
6,1,0.0007165166666666667
6,2,0.0009367353452087223
6,3,0.001165272771191503
6,4,0.0014066516570534523
6,5,0.0016653998362347036
6,6,0.0019461421446154193
6,7,0.0022536869688678826
6,8,0.0025931090279394365
6,9,0.002969829610597289
6,10,0.0033896951520088763
6,11,0.0038590546784638005
6,12,0.00438483626341395
6,13,0.004974622200613429
6,14,0.005636722090446596
6,15,0.006380242431354909
6,16,0.00721515058653139
6,17,0.008152330133794312
6,18,0.009203623582787406
6,19,0.010381857242295272
6,20,0.01170084163476151
6,21,0.013175339293983634
6,22,0.014820990078696795
6,23,0.016654182358224405
6,24,0.018691856694999166
6,25,0.020951227146651034
6,26,0.023449404304227976
6,27,0.026202904037260916
6,28,0.029227027101110917
6,29,0.03253509784847739
6,30,0.03613755591871538
6,31,0.040040903608661825
6,32,0.044246524209430836
6,33,0.0487494032117824
6,34,0.05353680473911501
6,35,0.05858697892005875
6,36,0.06386800022730983
6,37,0.06933685899049734
6,38,0.07493894410331724
6,39,0.08060805934058816
6,40,0.08626710354384247
6,41,0.09182951213873805
6,42,0.09720150239385865
6,43,0.10228508974799502
6,44,0.10698175438584784
6,45,0.11119654760684652
6,46,0.11484235112117071
6,47,0.117843954272869
6,48,0.12014160615245885
6,49,0.1216937368580331
6,50,0.12247862144998363
6,51,0.12249486966826455
6,52,0.12176074655697441
6,53,0.12031244422778836
6,54,0.11820151611610355
6,55,0.11549174126459272
6,56,0.11225570398295781
6,57,0.1085713573126546
6,58,0.10451879572018538
6,59,0.10017740429284384
6,60,0.09562348909559645
6,61,0.09092843487607354
6,62,0.08615738765095339
6,63,0.08136842358089619
6,64,0.07661214221157085
6,65,0.07193161022512656
6,66,0.0673625790144218
6,67,0.06293390310042175
6,68,0.05866809426407289
6,69,0.05458195626145244
6,70,0.05068725562660459
6,71,0.046991394305652065
6,72,0.04349805907875809
6,73,0.04020783059789468
6,74,0.03711874130695601
6,75,0.034226776571501916
6,76,0.031526317167940486
6,77,0.029010524045725083
6,78,0.026671668170195416
6,79,0.024501409457922698
6,80,0.022491029491293578
6,81,0.020631622981230918
6,82,0.018914252948571256
6,83,0.01733007440495658
6,84,0.015870431002192882
6,85,0.014526928736822911
6,86,0.013291490382109958
6,87,0.012156393899554916
6,88,0.01111429767464753
6,89,0.010158255038405613
6,90,0.009281720184148138
6,91,0.00847854727113923
6,92,0.007742984224036099
6,93,0.007069662488626636
6,94,0.006453583788248473
6,95,0.0058901047390196555
6,96,0.005374920022755571
6,97,0.004904044681284008
6,98,0.004473795981944644
6,99,0.004080775208666564
7,0,0.0005
7,1,0.0007284214285714286
7,2,0.0009711364914048674
7,3,0.0012333968044566928
7,4,0.0015208204711603015
7,5,0.0018395049885677139
7,6,0.002196146538310512
7,7,0.002598167146105836
7,8,0.003053850990602015
7,9,0.0035724908564811458
7,10,0.0041645453197755155
7,11,0.004841806676917125
7,12,0.005617578822375492
7,13,0.006506863167752585
7,14,0.00752654918696514
7,15,0.008695604160566134
7,16,0.010035254055986126
7,17,0.011569144089578102
7,18,0.0133234632440608
7,19,0.01532701175858037
7,20,0.017611184323544086
7,21,0.020209834463870546
7,22,0.02315897763160485
7,23,0.026496282385008146
7,24,0.030260291647625462
7,25,0.0344893109072128
7,26,0.039219899500447734
7,27,0.044484907761318554
7,28,0.050311020417189184
7,29,0.056715799231977546
7,30,0.06370426929575068
7,31,0.07126516589876115
7,32,0.07936705184366896
7,33,0.08795462237937066
7,34,0.09694562350669335
7,35,0.10622889774593622
7,36,0.11566411089562526
7,37,0.12508367242339646
7,38,0.13429721511458653
7,39,0.14309873758783107
7,40,0.15127615530239943
7,41,0.15862260419773294
7,42,0.1649484768720371
7,43,0.17009293515969498
7,44,0.1739336087165881
7,45,0.17639338574685282
7,46,0.17744359868639534
7,47,0.1771034199880106
7,48,0.17543579832071687
7,49,0.17254067755569355
7,50,0.16854648093874414
7,51,0.16360089293586294
7,52,0.1578618596929066
7,53,0.15148951248096082
7,54,0.14463946027969846
7,55,0.13745765090906553
7,56,0.13007679907743036
7,57,0.12261423894274984
7,58,0.11517097749808736
7,59,0.10783169325510193
7,60,0.10066542857896979
7,61,0.09372675012166903
7,62,0.08705718896048967
7,63,0.0806868122102276
7,64,0.07463581590656383
7,65,0.06891606208069768
7,66,0.06353251007175009
7,67,0.058484513238496585
7,68,0.05376696792001606
7,69,0.049371312608349475
7,70,0.045286382746050666
7,71,0.04149913119813795
7,72,0.03799522700541876
7,73,0.034759546104472815
7,74,0.03177656776936708
7,75,0.029030689948083645
7,76,0.02650647569463306
7,77,0.02418884172245868
7,78,0.022063198854467815
7,79,0.020115552904775957
7,80,0.018332573350145338
7,81,0.01670163606562086
7,82,0.015210845423802829
7,83,0.013849040194803944
7,84,0.01260578693169351
7,85,0.011471363877503207
7,86,0.010436737875775317
7,87,0.00949353629731042
7,88,0.008634015601194674
7,89,0.007851027818698526
7,90,0.00713798597525001
7,91,0.006488829240233948
7,92,0.00589798840957635
7,93,0.0053603521755451675
7,94,0.004871234516375995
7,95,0.004426343440429227
7,96,0.004021751241515179
7,97,0.0036538663603166116
7,98,0.003319406898566523
7,99,0.0030153757953458246
8,0,0.0005
8,1,0.00073735
8,2,0.0009973093748615
8,3,0.0012861131899940292
8,4,0.0016107674477274909
8,5,0.0019792102860379922
8,6,0.0024004928910123396
8,7,0.002884982696750941
8,8,0.003444591302216024
8,9,0.004093029192979183
8,10,0.0048460887232234205
8,11,0.005721955764083335
8,12,0.006741548792945826
8,13,0.007928881770988796
8,14,0.009311443663799258
8,15,0.010920582573672826
8,16,0.012791875787394626
8,17,0.014965458176633034
8,18,0.017486269899232524
8,19,0.020404169901186462
8,20,0.02377384419320973
8,21,0.027654417591157117
8,22,0.0321086556385479
8,23,0.0372016220293776
8,24,0.0429986399896953
8,25,0.04956239998943594
8,26,0.05694906973829067
8,27,0.06520330716746112
8,28,0.0743521660919779
8,29,0.08439802955775111
8,30,0.09531091383496684
8,31,0.10702075021382224
8,32,0.11941054472851946
8,33,0.1323115823176333
8,34,0.14550199792416346
8,35,0.15870998220744506
8,36,0.17162253511810927
8,37,0.18389999189075068
8,38,0.19519558555456443
8,39,0.20517825783399532
8,40,0.213556057130325
8,41,0.22009704912758665
8,42,0.22464489291432382
8,43,0.2271270941671583
8,44,0.22755522257831795
8,45,0.22601772895550007
8,46,0.2226670750724091
8,47,0.21770347552149072
8,48,0.21135760231665401
8,49,0.2038742304587737
8,50,0.1954981963069639
8,51,0.1864633901668285
8,52,0.17698494659298705
8,53,0.1672543975458596
8,54,0.1574373231169931
8,55,0.14767294436126388
8,56,0.13807511101219216
8,57,0.12873420265712998
8,58,0.11971955303196169
8,59,0.11108210169146814
8,60,0.10285706294037805
8,61,0.09506647295256465
8,62,0.08772153125220716
8,63,0.08082469341852705
8,64,0.07437150033364417
8,65,0.06835214811170859
8,66,0.06275281443542781
8,67,0.05755676341748361
8,68,0.052745253912317734
8,69,0.04829827664998381
8,70,0.04419514453916026
8,71,0.040414958619277803
8,72,0.036936969860542096
8,73,0.03374085459706744
8,74,0.030806919009115277
8,75,0.02811624584932661
8,76,0.025650794589249737
8,77,0.02339346436838962
8,78,0.021328127559974455
8,79,0.0194396404149447
8,80,0.017713836090916986
8,81,0.016137504395592
8,82,0.01469836175303875
8,83,0.013385014215917946
8,84,0.012186915777862932
8,85,0.011094323770602757
8,86,0.010098252744639047
8,87,0.009190427916969198
8,88,0.00836323901290773
8,89,0.007609695121591625
8,90,0.006923381017852771
8,91,0.006298415269701167
8,92,0.005729410344723297
8,93,0.0052114348452755935
8,94,0.004739977937291022
8,95,0.004310915987371485
8,96,0.00392048138475932
8,97,0.0035652334964165764
8,98,0.003242031682857774
8,99,0.0029480102879954075
9,0,0.0005
9,1,0.0007442944444444445
9,2,0.0010178865205482286
9,3,0.0013280890601441652
9,4,0.0016833580550616874
9,5,0.0020935180346721206
9,6,0.0025700219619492885
9,7,0.003126250229625151
9,8,0.0037778532970655803
9,9,0.0045431421313881105
9,10,0.005443529721782326
9,11,0.006504025272677158
9,12,0.00775377990797832
9,13,0.009226678381694874
9,14,0.010961964803544054
9,15,0.013004881018386462
9,16,0.015407283149731077
9,17,0.01822818395216634
9,18,0.021534145041785992
9,19,0.025399413032782876
9,20,0.02990565694723214
9,21,0.03514112204281715
9,22,0.04119897060479029
9,23,0.04817453981200518
9,24,0.05616122185093465
9,25,0.06524467949330524
9,26,0.0754951755043899
9,27,0.08695794575664623
9,28,0.09964181280835527
9,29,0.1135066367892758
9,30,0.12845072292672577
9,31,0.1442998889771884
9,32,0.1608004120949049
9,33,0.1776183261224482
9,34,0.19434729768418993
9,35,0.2105263937518076
9,36,0.22566745090191703
9,37,0.23928971783995415
9,38,0.25095749003107476
9,39,0.2603152420468974
9,40,0.2671148090463246
9,41,0.27123059130829
9,42,0.2726611657069632
9,43,0.27151833577433543
9,44,0.26800675511317706
9,45,0.26239832267839336
9,46,0.25500550793784643
9,47,0.24615690829240822
9,48,0.23617711147978632
9,49,0.22537172880944567
9,50,0.21401752612592723
9,51,0.20235699126778023
9,52,0.19059640746592402
9,53,0.17890646535736748
9,54,0.16742454828092315
9,55,0.15625799001138058
9,56,0.14548777991705023
9,57,0.13517234917537937
9,58,0.12535120105488512
9,59,0.11604824637610582
9,60,0.10727477533129529
9,61,0.09903204413411346
9,62,0.0913134849664806
9,63,0.08410656522157611
9,64,0.07739433099393014
9,65,0.07115667307644008
9,66,0.06537135351028012
9,67,0.060014828470117014
9,68,0.05506289994111759
9,69,0.05049122489322598
9,70,0.04627570687530555
9,71,0.04239279136489793
9,72,0.038819682937734454
9,73,0.03553449941466837
9,74,0.03251637560991769
9,75,0.029745527126455805
9,76,0.027203282792203142
9,77,0.024872092768939015
9,78,0.0227355180580445
9,79,0.020778206038252423
9,80,0.018985855768297106
9,81,0.017345176042933973
9,82,0.01584383857901594
9,83,0.014470428207389356
9,84,0.013214391537698903
9,85,0.01206598523099995
9,86,0.011016224746091369
9,87,0.010056834208578868
9,88,0.009180197877578398
9,89,0.008379313545954508
9,90,0.007647748099660947
9,91,0.006979595374817553
9,92,0.0063694363832500316
9,93,0.005812301924738557
9,94,0.005303637564208107
9,95,0.004839270922119207
9,96,0.004415381204392159
9,97,0.004028470882693608
9,98,0.003675339425503186
9,99,0.003353058973978361
10,0,0.0005
10,1,0.00074985
10,2,0.0010344871259865
10,3,0.001362289476855945
10,4,0.0017431238139148455
10,5,0.0021886419794217233
10,6,0.00271262797101908
10,7,0.0033314028917032544
10,8,0.004064295136406144
10,9,0.004934182824851575
10,10,0.005968114348567136
10,11,0.007198010544800721
10,12,0.0086614478534763
10,13,0.010402515057015317
10,14,0.012472725793927511
10,15,0.014931953635644217
10,16,0.017849334498495222
10,17,0.021304050700784692
10,18,0.025385870256315838
10,19,0.030195262684205058
10,20,0.03584284868333047
10,21,0.042447868112661116
10,22,0.05013527617568412
10,23,0.05903101624727519
10,24,0.06925499450549485
10,25,0.08091133423520265
10,26,0.09407566640962411
10,27,0.10877957369804403
10,28,0.1249928919814478
10,29,0.14260538970269904
10,30,0.1614103099379539
10,31,0.18109316694448782
10,32,0.20122969564886373
10,33,0.2212965380162696
10,34,0.24069677058818717
10,35,0.2587996976263113
10,36,0.27499093011501324
10,37,0.28872563459706396
10,38,0.2995761644063958
10,39,0.3072659228794104
10,40,0.31168424055920657
10,41,0.3128813153292138
10,42,0.3110463950699278
10,43,0.30647510427145147
10,44,0.2995325860390232
10,45,0.2906182088082882
10,46,0.2801357134911036
10,47,0.26847063960519635
10,48,0.2559752091592461
10,49,0.24295978239326782
10,50,0.22968950108176667
10,51,0.21638465217955005
10,52,0.20322344513210255
10,53,0.19034616120611325
10,54,0.17785991236196635
10,55,0.16584349294465173
10,56,0.15435200198776677
10,57,0.14342105655306964
10,58,0.13307051464672584
10,59,0.1233076897062927
10,60,0.11413007686315348
10,61,0.1055276319766205
10,62,0.09748465378054091
10,63,0.08998132168339586
10,64,0.08299493978079392
10,65,0.0765009334348995
10,66,0.07047363959519196
10,67,0.06488692663655825
10,68,0.05971467430734226
10,69,0.05493113963646727
10,70,0.05051123044054257
10,71,0.04643070441733528
10,72,0.04266630868632077
10,73,0.039195871993536614
10,74,0.035998359581109675
10,75,0.03305389887480677
10,76,0.03034378261191533
10,77,0.027850454767828395
10,78,0.025557483599809715
10,79,0.023449525273303837
10,80,0.02151228083807165
10,81,0.019732448751560702
10,82,0.018097674682790766
10,83,0.01659649995292109
10,84,0.015218309663023627
10,85,0.01395328131255526
10,86,0.012792334512986822
10,87,0.01172708224126111
10,88,0.010749783950019987
10,89,0.00985330074994775
10,90,0.009031052799268078
10,91,0.008276978972420445
10,92,0.0075854988309620374
10,93,0.0069514768821163165
10,94,0.006370189081927979
10,95,0.005837291518893297
10,96,0.0053487911987495276
10,97,0.004901018840630868
10,98,0.0044906035880558325
10,99,0.004114449534407828
11,0,0.0005
11,1,0.0007543954545454546
11,2,0.0010481612668914587
11,3,0.0013906844985216594
11,4,0.0017931612699468955
11,5,0.0022689662599036835
11,6,0.0028340898197633854
11,7,0.003507652992634093
11,8,0.004312511130408725
11,9,0.0052759565465873605
11,10,0.006430529290818047
11,11,0.00781494204822932
11,12,0.009475119453764709
11,13,0.011465342527579534
11,14,0.013849473819038454
11,15,0.0167022160488048
11,16,0.0201103239342516
11,17,0.024173642500873282
11,18,0.02900578259966652
11,19,0.034734163539260704
11,20,0.0414990541154085
11,21,0.04945113228354632
11,22,0.058746974443068714
11,23,0.0695418056265207
11,24,0.08197883846734856
11,25,0.09617467010001693
11,26,0.11220057849903568
11,27,0.13006024966771146
11,28,0.14966552152789014
11,29,0.1708130925247195
11,30,0.19316657558178157
11,31,0.21624931393466623
11,32,0.23945336332246608
11,33,0.2620683595326894
11,34,0.2833304048184132
11,35,0.30248618202934796
11,36,0.31886269871622275
11,37,0.3319302921008076
11,38,0.3413472381384155
11,39,0.34697857558204664
11,40,0.348888063715566
11,41,0.3473081825081864
11,42,0.3425967825281257
11,43,0.33518968454441966
11,44,0.3255567962167078
11,45,0.3141664088538186
11,46,0.3014594544452001
11,47,0.28783335503844765
11,48,0.2736338769020151
11,49,0.25915296601761423
11,50,0.24463061761760854
11,51,0.23025916446673805
11,52,0.2161887749323631
11,53,0.20253332995404771
11,54,0.18937615414556355
11,55,0.17677530236634514
11,56,0.1647682584958029
11,57,0.1533760031107681
11,58,0.14260646656985482
11,59,0.13245741641358819
11,60,0.12291884267225911
11,61,0.11397490850525072
11,62,0.10560553121664917
11,63,0.09778765310394574
11,64,0.0904962546593604
11,65,0.08370515545311114
11,66,0.07738764118842802
11,67,0.07151694922564975
11,68,0.0660666394393771
11,69,0.06101087260515329
11,70,0.05632461456146651
11,71,0.051983781084230844
11,72,0.04796533566130162
11,73,0.04424735008254609
11,74,0.040809035891516014
11,75,0.03763075321142091
11,76,0.03469400220349479
11,77,0.03198140139125502
11,78,0.02947665624868245
11,79,0.027164520769989455
11,80,0.02503075418525691
11,81,0.02306207453665172
11,82,0.021246110465171542
11,83,0.01957135226232968
11,84,0.018027103002153027
11,85,0.016603430375907703
11,86,0.015291119696586442
11,87,0.01408162841544222
11,88,0.012967042393060357
11,89,0.01194003408799162
11,90,0.010993822763034556
11,91,0.010122136759761348
11,92,0.00931917785329769
11,93,0.008579587669624938
11,94,0.00789841612508054
11,95,0.007271091830907615
11,96,0.006693394393515819
11,97,0.0061614285326395905
11,98,0.005671599934062002
11,99,0.005220592750397116
12,0,0.0005
12,1,0.0007581833333333333
12,2,0.001059619515625389
12,3,0.0014146326129034067
12,4,0.001835652198560759
12,5,0.0023376552988924617
12,6,0.002938693253545163
12,7,0.003660517130411093
12,8,0.004529316069884487
12,9,0.005576582840144846
12,10,0.006840119368207482
12,11,0.008365191192544995
12,12,0.0102058323982939
12,13,0.012426289875669114
12,14,0.015102575285061827
12,15,0.018324061787823902
12,16,0.022195016546313704
12,17,0.026835894827461786
12,18,0.032384132996955424
12,19,0.03899406300223052
12,20,0.046835431406884453
12,21,0.05608985123773832
12,22,0.06694436892922784
12,23,0.07958123799061727
12,24,0.09416303223252008
12,25,0.11081251371489018
12,26,0.12958732464532083
12,27,0.15045071235582658
12,28,0.1732411437077972
12,29,0.19764563683369007
12,30,0.2231834356468534
12,31,0.2492074401514891
12,32,0.2749295988745098
12,33,0.29947260849530766
12,34,0.3219440502876177
12,35,0.34152218698894665
12,36,0.35753773505377817
12,37,0.36953549189470325
12,38,0.37730447046953125
12,39,0.38087346890713325
12,40,0.3804774613958044
12,41,0.3765057539531886
12,42,0.3694441862756365
12,43,0.3598214668220625
12,44,0.34816579993267266
12,45,0.3349740543679271
12,46,0.32069286492763227
12,47,0.30570950587259654
12,48,0.29034988890679914
12,49,0.2748812170718742
12,50,0.2595173093049865
12,51,0.24442515788677643
12,52,0.22973176648406013
12,53,0.2155306939553832
12,54,0.20188799723641596
12,55,0.18884744358774735
12,56,0.17643497121374146
12,57,0.16466243860295024
12,58,0.15353073330518346
12,59,0.1430323220912112
12,60,0.1331533245840635
12,61,0.12387518671020675
12,62,0.11517602191044636
12,63,0.1070316788650392
12,64,0.09941658556733453
12,65,0.09230441144371271
12,66,0.08566858207245738
12,67,0.07948267493303016
12,68,0.07372071946068591
12,69,0.06835742038799604
12,70,0.06336831980952151
12,71,0.058729910495298236
12,72,0.0544197105991243
12,73,0.05041630796759062
12,74,0.04669938067724811
12,75,0.04324969914456797
12,76,0.04004911411187219
12,77,0.03708053396726562
12,78,0.034327894171014256
12,79,0.03177612100480604
12,80,0.029411091409524706
12,81,0.027219590311776908
12,82,0.0251892665433924
12,83,0.023308588218457663
12,84,0.02156679823859828
12,85,0.019953870440639235
12,86,0.018460466774502145
12,87,0.01707789579760348
12,88,0.015798072690512394
12,89,0.01461348093347891
12,90,0.013517135731612215
12,91,0.012502549235496086
12,92,0.011563697571850239
12,93,0.01069498967383041
12,94,0.009891237881355163
12,95,0.009147630267349051
12,96,0.008459704635096012
12,97,0.007823324124263772
12,98,0.007234654357984408
12,99,0.006690142060162537
13,0,0.0005
13,1,0.0007613884615384615
13,2,0.0010693597838296954
13,3,0.0014351002265694393
13,4,0.0018721754236519568
13,5,0.002397042662063092
13,6,0.003029665346811633
13,7,0.00379424680594572
13,8,0.004720101712146032
13,9,0.005842683523264594
13,10,0.007204784707713214
13,11,0.008857921974973045
13,12,0.010863909604990788
13,13,0.013296607894380807
13,14,0.016243807465102688
13,15,0.019809169442148077
13,16,0.024114080998086103
13,17,0.029299199462125683
13,18,0.03552534030948967
13,19,0.042973211404492145
13,20,0.05184131057746287
13,21,0.06234110128099636
13,22,0.07468839897217812
13,23,0.08908980981559042
13,24,0.10572317789901294
13,25,0.12471147632873952
13,26,0.14609060041041877
13,27,0.1697732182572289
13,28,0.19551316085295156
13,29,0.22287740078482027
13,30,0.2512346124358168
13,31,0.27976935303656214
13,32,0.3075278089755516
13,33,0.33349442305227356
13,34,0.35668985964763805
13,35,0.37627280170785665
13,36,0.3916247641465327
13,37,0.40240067165145416
13,38,0.4085373708204245
13,39,0.41022357576848245
13,40,0.4078433866635253
13,41,0.4019087969916106
13,42,0.3929947499131555
13,43,0.38168553396501503
13,44,0.3685361375132083
13,45,0.35404823993038737
13,46,0.3386583069879274
13,47,0.3227345164717217
13,48,0.30657942504465563
13,49,0.2904358981404377
13,50,0.2744945255455003
13,51,0.2589013631139934
13,52,0.24376531504764742
13,53,0.22916480196451863
13,54,0.21515357360365564
13,55,0.20176565279749098
13,56,0.1890194668991868
13,57,0.17692125531692898
13,58,0.16546785204386694
13,59,0.15464893991030018
13,60,0.14444886490220685
13,61,0.13484808798434889
13,62,0.12582434052730299
13,63,0.11735353875766563
13,64,0.10941050312505757
13,65,0.1019695202641898
13,66,0.0950047782988025
13,67,0.08849070047226341
13,68,0.08240219734830584
13,69,0.07671485395127194
13,70,0.07140506506479574
13,71,0.06645012935403653
13,72,0.06182831091051382
13,73,0.05751887514905249
13,74,0.05350210463793125
13,75,0.0497592993543684
13,76,0.04627276497786487
13,77,0.04302579212312739
13,78,0.04000262883963039
13,79,0.0371884482400328
13,80,0.03456931274348326
13,81,0.032132136115305486
13,82,0.02986464423796414
13,83,0.027755335348549005
13,84,0.025793440316399553
13,85,0.0239688834037568
13,86,0.0222722438466847
13,87,0.020694718508264164
13,88,0.019228085787432403
13,89,0.017864670911737518
13,90,0.016597312698198363
13,91,0.015419331831363604
13,92,0.014324500679889975
13,93,0.013307014651150717
13,94,0.012361465066433045
13,95,0.01148281352628054
13,96,0.010666367725740436
13,97,0.009907758672077825
13,98,0.009202919252419964
13,99,0.008548064095384882
14,0,0.0005
14,1,0.0007641357142857143
14,2,0.0010777412905375206
14,3,0.0014527932411745933
14,4,0.0019039003154283668
14,5,0.002448883214597683
14,6,0.003109473477140856
14,7,0.003912152280001616
14,8,0.004889151453956153
14,9,0.0060796394021760975
14,10,0.007531112897443123
14,11,0.00930101048140282
14,12,0.011458552286677713
14,13,0.014086791527162627
14,14,0.0172848304734867
14,15,0.021170102912363625
14,16,0.025880548971915912
14,17,0.03157639893362854
14,18,0.038441132793886765
14,19,0.04668098776386778
14,20,0.056522151315160404
14,21,0.06820452541661759
14,22,0.08197073197278738
14,23,0.09804895074975721
14,24,0.11662839933425811
14,25,0.13782699551209235
14,26,0.16165221353604395
14,27,0.1879584860934059
14,28,0.21640755280656618
14,29,0.24644123497175824
14,30,0.27727790676481895
14,31,0.3079427104237117
14,32,0.3373359871065366
14,33,0.3643347202968436
14,34,0.3879107452755534
14,35,0.4072417502816268
14,36,0.4217909815780079
14,37,0.43134005576108086
14,38,0.4359729081625204
14,39,0.4360216655838593
14,40,0.43199224323558855
14,41,0.4244874599158765
14,42,0.4141405331028229
14,43,0.40156530473203067
14,44,0.3873240659744025
14,45,0.37191049266918175
14,46,0.355743859810038
14,47,0.33917071600105486
14,48,0.3224708800829882
14,49,0.3058654857204262
14,50,0.28952558443227416
14,51,0.2735804254160539
14,52,0.258124954775858
14,53,0.24322634928476464
14,54,0.22892956137008413
14,55,0.2152619388850213
14,56,0.20223702309686112
14,57,0.1898576404467936
14,58,0.17811840059169612
14,59,0.1670077027973851
14,60,0.15650933947749895
14,61,0.1466037720791387
14,62,0.1372691418762921
14,63,0.12848206708797033
14,64,0.12021826822926236
14,65,0.11245305566103957
14,66,0.10516170676372574
14,67,0.09831975482656836
14,68,0.09190320742186406
14,69,0.08588870854651594
14,70,0.08025365600732418
14,71,0.07497628327186065
14,72,0.07003571319642793
14,73,0.06541198958893772
14,74,0.06108609139676533
14,75,0.05703993337080562
14,76,0.053256356301458016
14,77,0.049719109313643824
14,78,0.04641282621710465
14,79,0.04332299751191964
14,80,0.04043593932887224
14,81,0.037738760325183654
14,82,0.035219327346365153
14,83,0.03286623049503835
14,84,0.030668748109921318
14,85,0.028616812046663134
14,86,0.026700973561906087
14,87,0.024912370028891573
14,88,0.023242692653892026
14,89,0.021684155315147474
14,90,0.02022946460770201
14,91,0.01887179114685821
14,92,0.01760474215849981
14,93,0.016422335365136313
14,94,0.015318974161266704
14,95,0.014289424059782434
14,96,0.013328790382008031
14,97,0.012432497157100073
14,98,0.011596267191471549
14,99,0.010816103265333814
15,0,0.0005
15,1,0.0007665166666666666
15,2,0.0010850296830420556
15,3,0.0014682391055851854
15,4,0.001931710757619501
15,5,0.0024945201122152398
15,6,0.0031800318705330517
15,7,0.00401683958874175
15,8,0.0050398917168985105
15,9,0.006291831106372093
15,10,0.00782457328876433
15,11,0.00970114289744933
15,12,0.011997774916570114
15,13,0.01480626428380639
15,14,0.018236508562489137
15,15,0.022419127032247705
15,16,0.027507946979023132
15,17,0.033682014380155806
15,18,0.041146602375101066
15,19,0.050132452238379144
15,20,0.06089219533888952
15,21,0.07369260227052812
15,22,0.0888010601828147
15,23,0.10646462668477402
15,24,0.12688036047103946
15,25,0.15015666214048398
15,26,0.1762673461055497
15,27,0.20500320988423854
15,28,0.23592964011224693
15,29,0.26836224740287395
15,30,0.3013738202124157
15,31,0.33384289693857216
15,32,0.3645457726545622
15,33,0.39228107026371356
15,34,0.4160035624300412
15,35,0.4349377976144749
15,36,0.4486463560123203
15,37,0.4570411424777012
15,38,0.4603428565103817
15,39,0.4590062858352665
15,40,0.4536332140991024
15,41,0.4448912253105447
15,42,0.4334492990084542
15,43,0.4199337190320364
15,44,0.40490268508218286
15,45,0.3888355250963244
15,46,0.37213191506001225
15,47,0.3551171253646092
15,48,0.33805031899518906
15,49,0.32113391240227235
15,50,0.3045227994838963
15,51,0.28833279966404146
15,52,0.272648054478313
15,53,0.2575273138812489
15,54,0.2430091709954895
15,55,0.22911635898412597
15,56,0.21585924185823072
15,57,0.20323862908184903
15,58,0.19124803210678815
15,59,0.1798754654548068
15,60,0.1691048789405188
15,61,0.15891729272810104
15,62,0.1492916938256444
15,63,0.1402057415120069
15,64,0.13163631996932804
15,65,0.12355996885087596
15,66,0.11595321640349407
15,67,0.10879283484639626
15,68,0.10205603376699159
15,69,0.09572060414372367
15,70,0.08976502309021997
15,71,0.0841685274070668
15,72,0.07891116242427552
15,73,0.07397381133637444
15,74,0.06933820920715386
15,75,0.06498694500003015
15,76,0.06090345433123078
15,77,0.05707200511361009
15,78,0.05347767783279243
15,79,0.05010634185381931
15,80,0.04694462887912974
15,81,0.04397990445447844
15,82,0.0412002382379052
15,83,0.0385943735998214
15,84,0.03615169700305295
15,85,0.03386220751496553
15,86,0.0317164867253378
15,87,0.02970566928001379
15,88,0.027821414188792002
15,89,0.026055877024262417
15,90,0.024401683094573093
15,91,0.02285190164592683
15,92,0.0214000211287802
15,93,0.020039925544268294
15,94,0.018765871873513317
15,95,0.017572468581543297
15,96,0.01645465517901537
15,97,0.015407682818369205
15,98,0.014427095896070257
15,99,0.013508714628944565
16,0,0.0005
16,1,0.0007686
16,2,0.001091425627674
16,3,0.0014818397555411745
16,4,0.0019562868851199563
16,5,0.0025349978031749035
16,6,0.0032428458949392953
16,7,0.0041103830429909845
16,8,0.005175085529572164
16,9,0.006482841382371821
16,10,0.008089708842491258
16,11,0.010063969051648745
16,12,0.012488481597724359
16,13,0.015463324780865276
16,14,0.01910865713696448
16,15,0.023567664536305048
16,16,0.029009347578077323
16,17,0.03563074513683659
16,18,0.043657970777347344
16,19,0.053345154301077835
16,20,0.06497004142221519
16,21,0.07882465230248373
16,22,0.09519912992088778
16,23,0.11435689655922257
16,24,0.13649975005079815
16,25,0.16172291227642197
16,26,0.18996260132595044
16,27,0.2209424875358511
16,28,0.2541298579775671
16,29,0.2887159678165747
16,30,0.32363551698485976
16,31,0.35763500377698265
16,32,0.3893880749621278
16,33,0.41764058284816785
16,34,0.44135516220358506
16,35,0.4598218170231911
16,36,0.4727103553159682
16,37,0.4800587534608727
16,38,0.482210022454472
16,39,0.4797210068083448
16,40,0.47326719497549063
16,41,0.4635608989831975
16,42,0.451291084531224
16,43,0.43708561399932205
16,44,0.4214922613862185
16,45,0.4049732939322139
16,46,0.3879086584963198
16,47,0.37060386115848304
16,48,0.35329982602223614
16,49,0.3361830424968405
16,50,0.3193950631400542
16,51,0.3030409136383656
16,52,0.2871962801700643
16,53,0.27191350767260664
16,54,0.25722652447403516
16,55,0.24315483937991553
16,56,0.22970675967361856
16,57,0.216881966818934
16,58,0.20467356924937968
16,59,0.1930697330323477
16,60,0.1820549736896791
16,61,0.17161117701978737
16,62,0.16171840367179685
16,63,0.15235552138274272
16,64,0.1435006999590417
16,65,0.13513179696662003
16,66,0.12722665639776812
16,67,0.1197633380435021
16,68,0.11272029169223464
16,69,0.10607648741134805
16,70,0.09981151089506375
16,71,0.09390563105699452
16,72,0.08833984561106545
16,73,0.08309590924252788
16,74,0.07815634806031599
16,75,0.0735044632947385
16,76,0.06912432662245288
16,77,0.0650007690339088
16,78,0.06111936478339262
16,79,0.0574664116598515
16,80,0.05402890857312876
16,81,0.050794531253463275
16,82,0.04775160670286883
16,83,0.044889086907973594
16,84,0.04219652221921987
16,85,0.03966403471632685
16,86,0.03728229181086457
16,87,0.035042480280671216
16,88,0.032936280885251565
16,89,0.030955843674271406
16,90,0.029093764071233725
16,91,0.02734305979010889
16,92,0.025697148623053917
16,93,0.024149827121549082
16,94,0.02269525018061349
16,95,0.021327911525669853
16,96,0.02004262509365059
16,97,0.018834507293692498
16,98,0.0176989601279441
16,99,0.016631655149350996
17,0,0.0005
17,1,0.0007704382352941177
17,2,0.0010970835257633166
17,3,0.0014939067950429214
17,4,0.001978160381951043
17,5,0.002571140096308962
17,6,0.0032991142693443295
17,7,0.004194451239872358
17,8,0.005296979697271725
17,9,0.006655617673140679
17,10,0.008330304231678895
17,11,0.010394260708674948
17,12,0.012936592145606423
17,13,0.016065209172015312
17,14,0.019909998692358048
17,15,0.024626088492299924
17,16,0.030396923898989184
17,17,0.03743668987242977
17,18,0.045991356537758515
17,19,0.056337294916048775
17,20,0.06877601672572418
17,21,0.0836231910563521
17,22,0.10118980177711165
17,23,0.12175335022294197
17,24,0.14551770812578826
17,25,0.17256199254496404
17,26,0.2027820071914072
17,27,0.2358323441462259
17,28,0.2710823368062321
17,29,0.30760271889202484
17,30,0.3441991396835633
17,31,0.37950096649099524
17,32,0.4120989524834052
17,33,0.4407076821990469
17,34,0.4643163271033811
17,35,0.48229169175588854
17,36,0.49441218458698455
17,37,0.5008334619252198
17,38,0.5020054194936113
17,39,0.4985684275326426
17,40,0.49125371147574826
17,41,0.4808033851231925
17,42,0.4679155973166164
17,43,0.45321308488352186
17,44,0.43722992453815307
17,45,0.4204105835828732
17,46,0.4031162035049047
17,47,0.3856344014486639
17,48,0.36819016918766717
17,49,0.35095645996804153
17,50,0.334063750317679
17,51,0.317608300431716
17,52,0.30165908643732087
17,53,0.2862635054835025
17,54,0.2714520083340033
17,55,0.25724182633331616
17,56,0.2436399505366313
17,57,0.2306455023911532
17,58,0.21825161424608927
17,59,0.20644691753681507
17,60,0.19521671825397782
17,61,0.18454392376714013
17,62,0.17440977219937334
17,63,0.164794405080578
17,64,0.15567731559648376
17,65,0.14703769804596103
17,66,0.13885471880187802
17,67,0.1311077248657028
17,68,0.12377640278543874
17,69,0.11684089808513884
17,70,0.11028190328390482
17,71,0.10408072094533237
17,72,0.09821930690210488
17,73,0.09268029777205546
17,74,0.08744702606446444
17,75,0.08250352552397376
17,76,0.07783452883931777
17,77,0.0734254594277038
17,78,0.06926241867163889
17,79,0.06533216971641323
17,80,0.06162211872002875
17,81,0.05812029427261755
17,82,0.054815325561040906
17,83,0.05169641973982085
17,84,0.04875333887660903
17,85,0.04597637676487778
17,86,0.043356335835098375
17,87,0.04088450434568589
17,88,0.0385526339942969
17,89,0.036352918056940374
17,90,0.03427797013541073
17,91,0.03232080357164653
17,92,0.03047481156984448
17,93,0.028733748052770357
17,94,0.027091709267099987
17,95,0.02554311614329768
17,96,0.024082697408090627
17,97,0.022705473441691933
17,98,0.021406740867288603
17,99,0.020182057856717738
18,0,0.0005
18,1,0.0007720722222222222
18,2,0.001102124115640821
18,3,0.001504685489646863
18,4,0.001997752762581594
18,5,0.0026036051483679583
18,6,0.0033498025236374934
18,7,0.004270399844307765
18,8,0.005407416456569327
18,9,0.006812600380036019
18,10,0.008549525940948289
18,11,0.01069605534609174
18,12,0.013347176875587365
18,13,0.016618198393109136
18,14,0.02064821640602563
18,15,0.0256036865834959
18,16,0.03168177710374978
18,17,0.03911297522052594
18,18,0.0481621253577255
18,19,0.05912669850864867
18,20,0.07233064624878713
18,21,0.08811174453191573
18,22,0.10680002989023991
18,23,0.12868503724716093
18,24,0.1539704584682909
18,25,0.1827170252051659
18,26,0.21477823607252067
18,27,0.2497388585402703
18,28,0.28687178824057286
18,29,0.3251323272948696
18,30,0.36320678162993436
18,31,0.3996217847046312
18,32,0.43290275084141255
18,33,0.46175050627645975
18,34,0.4851941886158428
18,35,0.5026834002255631
18,36,0.5141024284374157
18,37,0.5197143752800104
18,38,0.5200612564595213
18,39,0.5158511174992398
18,40,0.5078567504355149
18,41,0.4968391389617077
18,42,0.48349833236167156
18,43,0.46844794150419833
18,44,0.4522068931397622
18,45,0.4352021514298038
18,46,0.4177774049085734
18,47,0.4002042622656546
18,48,0.38269382929634216
18,49,0.36540750952329515
18,50,0.34846650483468067
18,51,0.3319598695191128
18,52,0.3159511738341237
18,53,0.3004839274236049
18,54,0.2855859443725357
18,55,0.2712728298756483
18,56,0.2575507510632877
18,57,0.24441863143734738
18,58,0.23186988485231116
18,59,0.21989378349578362
18,60,0.20847653581182424
18,61,0.19760213490439646
18,62,0.18725302541661246
18,63,0.17741062681740608
18,64,0.1680557430267241
18,65,0.15916888198806167
18,66,0.15073050381895037
18,67,0.14272121225734163
18,68,0.13512190104842667
18,69,0.12791386450142214
18,70,0.12107887954620113
18,71,0.11459926512304915
18,72,0.10845792355748063
18,73,0.10263836763749895
18,74,0.09712473636960461
18,75,0.09190180180072896
18,76,0.08695496882374196
18,77,0.0822702695090112
18,78,0.07783435320395178
18,79,0.0736344734011583
18,80,0.06965847218143187
18,81,0.06589476288127041
18,82,0.062332311507660554
18,83,0.05896061732034418
18,84,0.055769692918417504
18,85,0.05275004410040162
18,86,0.04989264971181076
18,87,0.04718894164934438
18,88,0.044630785154222676
18,89,0.04221045949732941
18,90,0.039920639134476014
18,91,0.03775437539025072
18,92,0.03570507871275065
18,93,0.03376650152834982
18,94,0.03193272171499255
18,95,0.03019812670387842
18,96,0.028557398212460974
18,97,0.027005497606121847
18,98,0.025537651881461707
18,99,0.02414934026066899
19,0,0.0005
19,1,0.0007735342105263158
19,2,0.0011066431696693255
19,3,0.0015143715077479791
19,4,0.002015402425102403
19,5,0.0026329248923536177
19,6,0.003395696559359957
19,7,0.004339340570651123
19,8,0.005507918457803255
19,9,0.0069558233820985055
19,10,0.008750036361375963
19,11,0.010972779771460262
19,12,0.013724582834046737
19,13,0.01712773628842932
19,14,0.02133004845773768
19,15,0.026508709537559273
19,16,0.03287390881448736
19,17,0.0406716122144466
19,18,0.050184578630100105
19,19,0.061730267612486865
19,20,0.07565379148149623
19,21,0.09231357181114488
19,22,0.11205704960026105
19,23,0.13518398234072965
19,24,0.16189599987447234
19,25,0.19223371823691654
19,26,0.2260071904734891
19,27,0.2627315305079892
19,28,0.30158566580353063
19,29,0.34141527871431904
19,30,0.3807971279513813
19,31,0.41816852397836857
19,32,0.4520047531593418
19,33,0.48100680860167694
19,34,0.504253036598554
19,35,0.5212780559938068
19,36,0.5320669277781204
19,37,0.5369795169175853
19,38,0.5366365917440662
19,39,0.5318006821194861
19,40,0.5232751345634405
19,41,0.5118318730379001
19,42,0.498168008242771
19,43,0.48288576162289076
19,44,0.4664885198499052
19,45,0.44938655453211307
19,46,0.4319075706248032
19,47,0.4143089083909559
19,48,0.39678954676980027
19,49,0.37950097136769445
19,50,0.3625565410860661
19,51,0.3460393105662947
19,52,0.33000842829112664
19,53,0.31450429695403775
19,54,0.2995526965875605
19,55,0.2851680584364409
19,56,0.2713560539900712
19,57,0.25811563722669184
19,58,0.24544065306059382
19,59,0.23332110295551223
19,60,0.22174414015114982
19,61,0.2106948518088662
19,62,0.20015687321915632
19,63,0.1901128695540053
19,64,0.18054491303263173
19,65,0.1714347773937582
19,66,0.16276416689021322
19,67,0.15451489336412413
19,68,0.14666901210066108
19,69,0.1392089249194886
19,70,0.1321174572081382
19,71,0.1253779142232079
19,72,0.11897412090036011
19,73,0.11289044855796548
19,74,0.10711183120189738
19,75,0.10162377360162378
19,76,0.09641235288026265
19,77,0.09146421502025254
19,78,0.08676656741350887
19,79,0.08230716836615136
19,80,0.07807431429195656
19,81,0.0740568251868681
19,82,0.0702440288623045
19,83,0.06662574432221066
19,84,0.06319226459350631
19,85,0.05993433925838229
19,86,0.056843156887066815
19,87,0.05391032752906162
19,88,0.05112786538769532
19,89,0.04848817177576484
19,90,0.045984018427912145
19,91,0.04360853122730694
19,92,0.0413551743894417
19,93,0.039217735133798476
19,94,0.03719030886433168
19,95,0.03526728487173229
19,96,0.033443332563972965
19,97,0.03171338822641546
19,98,0.03007264230857342
19,99,0.02851652723128587
20,0,0.0005
20,1,0.00077485
20,2,0.0011107176282365001
20,3,0.0015231228412921705
20,4,0.002031384127243171
20,5,0.0026595337769263414
20,6,0.0034374422428674932
20,7,0.004402193004891176
20,8,0.005599753827474864
20,9,0.007086992770934805
20,10,0.008934085754465488
20,11,0.01122735359886947
20,12,0.014072545279889168
20,13,0.01759854314051143
20,14,0.021961394386711675
20,15,0.02734845684193931
20,16,0.03398226732004748
20,17,0.04212347742191204
20,18,0.052071835847827305
20,19,0.06416372340966851
20,20,0.07876419521197374
20,21,0.09625094875294538
20,22,0.11698732324789113
20,23,0.14128170686029576
20,24,0.16933211212999558
20,25,0.20115776938153754
20,26,0.23652474131481943
20,27,0.2748793412878008
20,28,0.3153096311247374
20,29,0.3565578262957723
20,30,0.397100655994814
20,31,0.4352983094442689
20,32,0.46958889704416407
20,33,0.49868443907133564
20,34,0.52171849867356
20,35,0.5383103566653124
20,36,0.5485395050971681
20,37,0.5528522186439788
20,38,0.5519362873788274
20,39,0.5465979136335292
20,40,0.5376625060239308
20,41,0.5259072131741972
20,42,0.5120230495682525
20,43,0.4965996914627464
20,44,0.48012520219677524
20,45,0.46299419732031116
20,46,0.44551983500120823
20,47,0.42794673895015684
20,48,0.4104632533276689
20,49,0.3932122837520515
20,50,0.376300489419922
20,51,0.35980586675683585
20,52,0.34378389367644935
20,53,0.3282724478493432
20,54,0.31329571229203473
20,55,0.2988672608590727
20,56,0.2849924881110385
20,57,0.27167051938612635
20,58,0.25889571088003294
20,59,0.24665882728521482
20,60,0.23494796618057148
20,61,0.22374928355300205
20,62,0.21304756305924547
20,63,0.20282666236488622
20,64,0.19306986263879503
20,65,0.18376014161805143
20,66,0.17488038624726804
20,67,0.1664135574616523
20,68,0.15834281700735198
20,69,0.15065162410529143
20,70,0.1433238081334357
20,71,0.13634362222474938
20,72,0.12969578167489698
20,73,0.12336549026388942
20,74,0.11733845697227299
20,75,0.11160090507866875
20,76,0.10613957523332822
20,77,0.10094172379003853
20,78,0.09599511742922337
20,79,0.0912880249052344
20,80,0.08680920659029652
20,81,0.08254790235828188
20,82,0.07849381824709935
20,83,0.07463711225400317
20,84,0.07096837954959898
20,85,0.06747863734063193
20,86,0.06415930956629384
20,87,0.06100221157580356
20,88,0.0579995349048137
20,89,0.0551438322435067
20,90,0.05242800266904308
20,91,0.04984527719849147
20,92,0.04738920470483632
20,93,0.04505363822758676
20,94,0.042832721700457994
20,95,0.04072087711120857
20,96,0.03871279210269952
20,97,0.0368034080193554
20,98,0.03498790839925653
20,99,0.03326170790891355
